<?xml version="1.0" encoding="UTF-8"?>
<?xml-stylesheet type="text/xsl" href="configuration.xsl"?>
<configuration>
    <property>
        <name>dfs.namenode.name.dir</name>
        <value>file:///var/hadoop/hadoop-namenode</value>
    </property>
    <property>
        <name>dfs.datanode.data.dir</name>
        <value>file:///var/hadoop/hadoop-datanode</value>
    </property>
    <property>
        <name>dfs.webhdfs.enabled</name>
        <value>true</value>
    </property>
    <property>
        <name>dfs.permissions.enabled</name>
        <value>false</value>
    </property>
    <property>
        <name>dfs.namenode.handler.count</name>
        <value>25</value>
    </property>
    <property>
	<name>dfs.replication</name>
	<value>1</value>
    </property>
</configuration>
