<?xml version="1.0"?>
<configuration>
    <property>
        <name>yarn.resourcemanager.webapp.address</name>
        <value>0.0.0.0:8088</value>
    </property>
    <property>
        <name>yarn.nodemanager.aux-services</name>
        <value>mapreduce_shuffle</value>
    </property>
    <property>
        <name>yarn.log-aggregation-enable</name>
        <value>true</value>
    </property>
    <property>
        <name>mapreduce.jobhistory.address</name>
        <value>node1:10020</value>
    </property>
    <property>
        <name>mapreduce.jobhistory.webapp.address</name>
        <value>node1:19888</value>
    </property>
    <property>
        <name>yarn.log.server.url</name>
        <value>http://node1:19888/jobhistory/logs/</value>
    </property>
    <property>
        <name>yarn.resourcemanager.hostname</name>
        <value>node1</value>
    </property>
    <property>
        <name>yarn.timeline-service.hostname</name>
        <value>node1</value>
    </property>
    <property>
        <name>yarn.nodemanager.delete.debug-delay-sec</name>
        <value>86400</value>
    </property>
    <!-- Prevent spark OOM errors see - https://issues.apache.org/jira/browse/YARN-4714 -->
    <property>
       <name>yarn.nodemanager.pmem-check-enabled</name>
       <value>false</value>
    </property>
    <property>
       <name>yarn.nodemanager.vmem-check-enabled</name>
       <value>false</value>
    </property>
    <!-- Control the size and clean-up interval of yarn resource localization dirs -->
    <property>
	    <name>yarn.nodemanager.disk-health-checker.max-disk-utilization-per-disk-percentage</name>
	    <value>90.0</value>
    </property>
    <property>
	    <name>yarn.nodemanager.localizer.cache.cleanup.interval-ms</name>
	    <value>300000</value>
    </property>
    <property>
	    <name>yarn.nodemanager.localizer.cache.target-size-mb</name> 
	    <value>3000</value>
    </property>
</configuration>
