<?xml version="1.0" encoding="UTF-8" standalone="no"?>
<?xml-stylesheet type="text/xsl" href="configuration.xsl"?>

<configuration>
    <property>
        <name>hive.metastore.uris</name>
        <value>thrift://node1:9083</value>
        <description>IP address (or fully-qualified domain name) and port of the metastore host</description>
    </property>

    <property>
        <name>javax.jdo.option.ConnectionURL</name>
        <value>jdbc:derby:;databaseName=/usr/local/hive/derby/metastore_db;create=true</value>
        <description>JDBC connect string for a JDBC metastore</description>
    </property>
    <!-- <property>
        <name>javax.jdo.option.ConnectionURL</name>
	<value>jdbc:mysql://node1/hive_metastore?createDatabaseIfNotExist=true</value>
        <description>JDBC connect string for a JDBC metastore</description>
    </property> -->
    <property>
        <name>javax.jdo.option.ConnectionUserName</name>
	<value>hive</value>
	<description>Username to use against the metastore database</description>
    </property>
    <property>
        <name>javax.jdo.option.ConnectionPassword</name>
	<value>hive</value>
	<description>password to use against the metastore database</description>
    </property>
  <property>
    <name>datanucleus.schema.autoCreateAll</name>
    <value>true</value>
    <description>Auto creates necessary schema on a startup if one doesn't exist. Set this to false, after creating it once.To enable auto create also set hive.metastore.schema.verification=false. Auto creation is not recommended for production use cases, run schematool command instead.</description>
  </property>
  <property>
    <name>hive.metastore.schema.verification</name>
    <value>false</value>
    <description>
      Enforce metastore schema version consistency.
      True: Verify that version information stored in is compatible with one from Hive jars.  Also disable automatic
            schema migration attempt. Users are required to manually migrate schema after Hive upgrade which ensures
            proper metastore schema migration. (Default)
      False: Warn if the version information stored in metastore doesn't match with one from in Hive jars.
    </description>
  </property>
</configuration>
